,City,Lat,Lng,Max Temp,Humidity,Cloudiness,Wind Speed,Country,Date
0,Beloha,-25.17,45.05,64.6,70,0,7.78,MG,2020-08-24 02:28:48
1,Walvis Bay,-22.96,14.51,54.0,93,0,6.93,NA,2020-08-24 02:28:49
2,Abha,18.22,42.51,71.6,56,59,4.18,SA,2020-08-24 02:28:49
3,Jamestown,42.1,-79.24,69.01,93,1,4.7,US,2020-08-24 02:28:49
4,Traverse City,44.76,-85.62,73.4,88,40,2.66,US,2020-08-24 02:27:04
5,Dire,12.28,-10.97,72.27,93,43,2.48,ML,2020-08-24 02:28:50
6,Coihaique,-45.58,-72.07,33.8,95,83,4.7,CL,2020-08-24 02:24:17
7,Lixourion,38.2,20.43,71.6,68,0,4.29,GR,2020-08-24 02:28:50
8,Mar Del Plata,-38.0,-57.56,51.01,81,70,11.41,AR,2020-08-24 02:28:50
9,Nivala,63.92,24.97,52.0,94,85,1.01,FI,2020-08-24 02:28:51
10,Dombarovskiy,50.76,59.54,55.69,81,0,9.57,RU,2020-08-24 02:28:51
11,Dikson,73.51,80.55,45.91,81,0,12.44,RU,2020-08-24 02:23:53
12,Havre-Saint-Pierre,50.23,-63.6,53.6,93,90,10.29,CA,2020-08-24 02:24:33
13,Bathsheba,13.22,-59.52,80.6,83,40,8.05,BB,2020-08-24 02:28:52
14,Port Alfred,-33.59,26.89,57.45,81,100,10.22,ZA,2020-08-24 02:28:52
15,Pangody,65.85,74.49,55.24,81,100,10.13,RU,2020-08-24 02:28:53
16,Arraial Do Cabo,-22.97,-42.03,67.17,63,3,9.37,BR,2020-08-24 02:24:47
17,Ozinki,51.18,49.68,56.43,79,0,7.63,RU,2020-08-24 02:24:03
18,Vieste,41.88,16.18,73.4,78,5,1.12,IT,2020-08-24 02:28:53
19,Abu Samrah,35.3,37.18,65.82,47,0,2.57,SY,2020-08-24 02:28:53
20,Hermanus,-34.42,19.23,55.0,96,100,6.46,ZA,2020-08-24 02:28:54
21,Busselton,-33.65,115.33,63.0,53,7,4.07,AU,2020-08-24 02:28:54
22,Hambantota,6.12,81.12,80.6,94,20,5.82,LK,2020-08-24 02:28:54
23,Pinega,64.7,43.39,59.2,93,100,7.43,RU,2020-08-24 02:28:54
24,Valle Del Guamuez,0.45,-76.92,69.8,87,10,1.97,CO,2020-08-24 02:28:55
25,Ushuaia,-54.8,-68.3,32.0,93,40,6.93,AR,2020-08-24 02:28:55
26,Cape Town,-33.93,18.42,57.99,93,20,11.41,ZA,2020-08-24 02:24:11
27,Saint Anthony,45.02,-93.22,81.0,69,1,3.65,US,2020-08-24 02:27:07
28,Marsh Harbour,26.54,-77.06,85.24,76,1,24.83,BS,2020-08-24 02:28:55
29,Ostrovnoy,68.05,39.51,55.29,89,6,18.57,RU,2020-08-24 02:28:56
30,San Luis,-33.3,-66.34,52.16,40,0,4.94,AR,2020-08-24 02:28:56
31,Zemio,5.03,25.14,67.08,97,100,1.5,CF,2020-08-24 02:28:56
32,Boras,57.72,12.94,55.4,82,20,10.29,SE,2020-08-24 02:28:56
33,Punta Arenas,-53.15,-70.92,33.8,86,20,18.34,CL,2020-08-24 02:28:56
34,Mahebourg,-20.41,57.7,71.6,73,40,16.11,MU,2020-08-24 02:28:56
35,Qaanaaq,77.48,-69.36,36.43,89,100,1.54,GL,2020-08-24 02:28:57
36,Pedernales,18.04,-71.74,81.73,70,95,7.99,DO,2020-08-24 02:28:57
37,Ponta Do Sol,32.67,-17.1,75.2,64,20,20.8,PT,2020-08-24 02:28:57
38,Havoysund,71.0,24.66,51.8,100,90,16.11,NO,2020-08-24 02:28:57
39,Progreso,21.28,-89.67,75.99,94,90,4.7,MX,2020-08-24 02:28:57
40,Boa Viagem,-5.13,-39.73,68.81,89,2,4.41,BR,2020-08-24 02:28:58
41,Ostersund,63.18,14.64,44.6,81,94,13.87,SE,2020-08-24 02:28:58
42,Clyde River,70.47,-68.59,41.88,89,100,3.11,CA,2020-08-24 02:28:58
43,Margate,51.38,1.39,61.0,77,84,1.01,GB,2020-08-24 02:28:58
44,Cockburn Town,21.46,-71.14,84.11,83,100,24.14,TC,2020-08-24 02:24:24
45,Bandarbeyla,9.49,50.81,75.36,71,89,29.35,SO,2020-08-24 02:28:59
46,Saint-Philippe,-21.36,55.77,69.8,59,42,5.82,RE,2020-08-24 02:28:59
47,Aksarayskiy,46.79,48.01,59.0,54,37,4.47,RU,2020-08-24 02:28:59
48,Maceio,-9.67,-35.74,68.0,94,20,2.24,BR,2020-08-24 02:24:33
49,Los Llanos De Aridane,28.66,-17.92,79.0,78,1,16.11,ES,2020-08-24 02:29:00
50,East London,-33.02,27.91,58.51,74,100,5.97,ZA,2020-08-24 02:29:00
51,Emba,48.83,58.14,61.79,61,84,10.47,KZ,2020-08-24 02:29:01
52,Port Elizabeth,-33.92,25.57,57.2,87,75,10.29,ZA,2020-08-24 02:29:01
53,Grand Gaube,-20.01,57.66,71.01,72,8,7.0,MU,2020-08-24 02:29:01
54,Bilma,18.69,12.92,90.39,39,87,18.81,NE,2020-08-24 02:29:01
55,Lakewood,39.7,-105.08,82.99,21,31,1.99,US,2020-08-24 02:25:10
56,Manakara,-22.13,48.02,62.91,92,8,6.24,MG,2020-08-24 02:29:02
57,Bud,39.45,-86.18,75.0,83,1,4.43,US,2020-08-24 02:29:02
58,Georgetown,5.41,100.34,84.2,79,20,5.82,MY,2020-08-24 02:28:10
59,Khambhat,22.3,72.62,77.0,100,90,6.93,IN,2020-08-24 02:29:02
60,Dwarka,22.24,68.97,83.1,82,100,20.62,IN,2020-08-24 02:29:03
61,Namibe,-15.2,12.15,64.35,92,93,1.1,AO,2020-08-24 02:29:03
62,Saquena,-4.67,-73.52,70.84,79,16,0.31,PE,2020-08-24 02:29:03
63,Melipilla,-33.7,-71.22,55.4,62,90,5.82,CL,2020-08-24 02:29:03
64,Portobelo,9.55,-79.65,80.6,94,40,4.7,PA,2020-08-24 02:29:04
65,Laurel,39.1,-76.85,75.99,78,1,4.68,US,2020-08-24 02:26:09
66,Luderitz,-26.65,15.16,55.51,74,0,8.9,NA,2020-08-24 02:24:17
67,Bereznik,62.86,42.71,58.55,92,99,5.84,RU,2020-08-24 02:29:04
68,Azanka,58.04,64.79,49.95,85,0,6.53,RU,2020-08-24 02:29:05
69,Sao Joao Da Barra,-21.64,-41.05,64.17,71,10,10.31,BR,2020-08-24 02:27:57
70,Tchollire,8.4,14.17,68.63,98,100,4.74,CM,2020-08-24 02:29:05
71,Araripe,-7.21,-40.05,71.55,59,40,12.64,BR,2020-08-24 02:29:06
72,Umm Kaddadah,13.6,26.69,78.87,64,100,7.56,SD,2020-08-24 02:29:06
73,Mullingar,53.53,-7.35,53.01,100,40,4.7,IE,2020-08-24 02:29:06
74,Bredasdorp,-34.53,20.04,55.4,93,100,2.24,ZA,2020-08-24 02:29:06
75,Vila Velha,-20.33,-40.29,66.99,77,5,11.41,BR,2020-08-24 02:29:06
76,Tanout,14.97,8.89,83.34,54,22,8.21,NE,2020-08-24 02:29:07
77,Bambous Virieux,-20.34,57.76,71.6,73,40,16.11,MU,2020-08-24 02:29:07
78,Victoria,22.29,114.16,91.0,70,0,5.01,HK,2020-08-24 02:29:07
79,Sisimiut,66.94,-53.67,44.29,86,37,4.03,GL,2020-08-24 02:29:07
80,Rio Grande,-32.03,-52.1,55.0,94,0,13.78,BR,2020-08-24 02:24:43
81,Kutum,14.2,24.67,69.12,77,100,18.63,SD,2020-08-24 02:29:08
82,Wattegama,6.8,81.48,80.6,94,20,5.82,LK,2020-08-24 02:29:08
83,Tromso,69.65,18.96,50.0,87,90,11.41,NO,2020-08-24 02:29:08
84,Coquimbo,-29.95,-71.34,55.4,62,94,8.21,CL,2020-08-24 02:29:08
85,Vizinga,61.07,50.1,57.38,95,100,2.3,RU,2020-08-24 02:29:08
86,Cambuci,-21.58,-41.91,61.56,78,66,1.48,BR,2020-08-24 02:29:09
87,Bhainsa,26.95,76.9,79.0,88,64,8.5,IN,2020-08-24 02:29:09
88,Saldanha,-33.01,17.94,50.0,93,86,5.82,ZA,2020-08-24 02:29:09
89,Rosario,-32.95,-60.64,61.0,54,0,10.29,AR,2020-08-24 02:24:10
90,Pitsunda,43.16,40.34,64.4,72,0,4.47,GE,2020-08-24 02:29:10
91,Radeberg,51.12,13.92,59.0,72,0,5.82,DE,2020-08-24 02:29:10
92,Bogashevo,56.37,85.14,57.0,100,75,4.47,RU,2020-08-24 02:29:10
93,Kalmunai,7.42,81.82,81.43,68,85,7.78,LK,2020-08-24 02:29:10
94,Manta,-0.95,-80.73,69.8,88,90,9.17,EC,2020-08-24 02:24:11
95,Porbandar,21.64,69.61,81.88,84,100,20.49,IN,2020-08-24 02:29:11
96,Kanadukathan,10.18,78.78,80.6,83,40,4.7,IN,2020-08-24 02:29:11
97,Elizabeth City,36.29,-76.25,80.6,88,1,5.82,US,2020-08-24 02:28:21
98,Natal,-5.79,-35.21,73.4,88,20,6.93,BR,2020-08-24 02:26:13
99,Salalah,17.02,54.09,75.2,100,90,6.93,OM,2020-08-24 02:29:12
100,Mbeya,-8.9,33.45,53.98,90,34,6.31,TZ,2020-08-24 02:29:12
101,San Andres,12.58,-81.7,80.6,88,40,0.27,CO,2020-08-24 02:29:12
102,Tucupita,9.06,-62.05,74.25,97,83,2.82,VE,2020-08-24 02:29:13
103,Lebu,-37.62,-73.65,50.56,91,100,18.21,CL,2020-08-24 02:29:13
104,Valdemarpils,57.37,22.59,64.4,77,20,13.87,LV,2020-08-24 02:29:13
105,Mehamn,71.04,27.85,53.24,91,100,15.97,NO,2020-08-24 02:29:13
106,Dingle,11.0,122.67,85.57,72,0,3.74,PH,2020-08-24 02:29:14
107,Hithadhoo,-0.6,73.08,82.31,80,100,14.47,MV,2020-08-24 02:29:14
108,Ribeira Grande,38.52,-28.7,73.06,89,0,13.06,PT,2020-08-24 02:29:14
109,Chuy,-33.7,-53.46,53.62,88,0,10.33,UY,2020-08-24 02:29:14
110,Taoudenni,22.68,-3.98,96.67,10,0,8.14,ML,2020-08-24 02:29:14
111,Castro,-24.79,-50.01,47.03,94,44,11.86,BR,2020-08-24 02:29:15
112,Numan,9.47,12.03,71.82,94,100,2.3,NG,2020-08-24 02:29:15
113,Gemena,3.25,19.77,69.87,91,100,2.19,CD,2020-08-24 02:29:15
114,Vila Franca Do Campo,37.72,-25.43,69.8,88,20,4.7,PT,2020-08-24 02:29:15
115,Orshanka,56.92,47.89,55.04,85,91,5.77,RU,2020-08-24 02:29:16
116,Paamiut,61.99,-49.67,42.06,92,30,7.72,GL,2020-08-24 02:29:16
117,Holeby,54.71,11.46,63.0,92,5,13.18,DK,2020-08-24 02:29:16
118,Pizarro,4.95,-77.37,76.84,89,100,6.85,CO,2020-08-24 02:29:17
119,Vardo,70.37,31.11,53.22,92,100,8.59,NO,2020-08-24 02:29:17
120,Ayolas,-27.4,-56.9,62.44,66,53,9.44,PY,2020-08-24 02:29:17
121,Cobija,-11.03,-68.77,69.01,61,0,0.11,BO,2020-08-24 02:29:17
122,Acarau,-2.89,-40.12,77.13,79,34,16.46,BR,2020-08-24 02:29:18
123,Sao Filipe,14.9,-24.5,79.09,86,97,10.07,CV,2020-08-24 02:29:18
124,Touros,-5.2,-35.46,73.4,88,20,4.7,BR,2020-08-24 02:29:18
125,Vestmannaeyjar,63.44,-20.27,51.85,74,6,4.41,IS,2020-08-24 02:29:18
126,Fray Bentos,-33.13,-58.3,57.99,63,0,5.99,UY,2020-08-24 02:29:19
127,Nadym,65.53,72.52,52.39,82,17,13.29,RU,2020-08-24 02:29:19
128,Barmer,25.75,71.38,81.19,74,98,9.95,IN,2020-08-24 02:29:19
129,Ambagarh Chauki,20.78,80.72,77.68,86,100,7.63,IN,2020-08-24 02:29:19
130,Narsaq,60.92,-46.05,44.6,75,20,4.7,GL,2020-08-24 02:29:20
131,San Cristobal,7.77,-72.22,66.4,92,95,3.91,VE,2020-08-24 02:29:20
132,Klaksvik,62.23,-6.59,44.6,93,94,16.13,FO,2020-08-24 02:29:20
133,Beira,-19.84,34.84,62.47,87,8,5.59,MZ,2020-08-24 02:27:34
134,Saint-Georges,12.06,-61.75,82.4,78,20,2.24,GD,2020-08-24 02:29:21
135,Upernavik,72.79,-56.15,44.02,80,100,3.11,GL,2020-08-24 02:29:21
136,Boksitogorsk,59.47,33.85,60.01,94,100,4.0,RU,2020-08-24 02:29:22
137,Ous,60.91,61.52,48.76,83,0,4.25,RU,2020-08-24 02:29:22
138,Quatre Cocos,-20.21,57.76,71.6,73,40,16.11,MU,2020-08-24 02:24:41
139,Gamba,-2.65,10.0,72.75,84,100,6.11,GA,2020-08-24 02:29:22
140,Cabedelo,-6.98,-34.83,69.8,94,76,3.36,BR,2020-08-24 02:24:32
141,Sechura,-5.56,-80.82,62.53,77,0,11.27,PE,2020-08-24 02:29:23
142,Port-De-Bouc,43.4,4.98,71.6,40,25,27.51,FR,2020-08-24 02:29:23
143,Shenavan,40.05,43.93,57.2,58,0,4.7,AM,2020-08-24 02:29:24
144,Liverpool,53.41,-2.98,59.0,93,40,14.99,GB,2020-08-24 02:29:06
145,Lancut,50.07,22.23,60.01,100,90,1.12,PL,2020-08-24 02:29:24
146,Bahia Honda,22.9,-83.16,81.97,86,32,10.71,CU,2020-08-24 02:29:24
147,Talnakh,69.49,88.4,60.8,77,100,17.9,RU,2020-08-24 02:29:25
148,Huarmey,-10.07,-78.15,60.33,85,6,8.57,PE,2020-08-24 02:29:25
149,Listowel,52.45,-9.48,57.2,87,90,3.36,IE,2020-08-24 02:29:25
150,Sihora,23.48,80.12,75.2,88,75,5.82,IN,2020-08-24 02:29:25
151,Valparaiso,-33.04,-71.63,54.0,64,100,11.52,CL,2020-08-24 02:26:32
152,Dungarvan,52.09,-7.63,59.0,94,100,1.01,IE,2020-08-24 02:29:26
153,Kalemie,-5.95,29.19,70.61,54,94,2.04,CD,2020-08-24 02:29:26
154,Norwalk,33.9,-118.08,84.2,54,1,4.7,US,2020-08-24 02:29:27
155,Marzuq,14.4,46.47,78.48,57,100,7.72,YE,2020-08-24 02:29:27
156,Ponta Delgada,37.73,-25.67,69.8,88,20,4.7,PT,2020-08-24 02:29:27
157,Codajas,-3.84,-62.06,75.74,57,0,1.3,BR,2020-08-24 02:29:28
158,Malanje,-9.54,16.34,60.66,93,27,1.72,AO,2020-08-24 02:29:28
159,Noyabrsk,63.2,75.45,54.12,92,91,5.08,RU,2020-08-24 02:29:28
160,Dzemul,21.2,-89.3,75.99,94,90,4.7,MX,2020-08-24 02:29:29
161,La Sarre,48.8,-79.2,57.0,77,63,5.97,CA,2020-08-24 02:29:29
162,Manavalakurichi,8.13,77.3,82.4,78,40,4.7,IN,2020-08-24 02:29:29
163,Cervo,43.67,-7.41,57.99,1,15,7.45,ES,2020-08-24 02:24:51
164,Lagoa,39.05,-27.98,73.02,88,0,15.64,PT,2020-08-24 02:29:29
165,Toamasina,-18.17,49.38,64.87,87,100,7.02,MG,2020-08-24 02:29:29
166,Iqaluit,63.75,-68.51,41.0,86,40,4.7,CA,2020-08-24 02:29:30
167,Wagar,16.15,36.2,82.62,64,60,17.02,SD,2020-08-24 02:29:30
168,Wilmington,34.23,-77.94,75.99,94,20,3.38,US,2020-08-24 02:26:27
169,Ndele,8.41,20.65,68.65,97,100,3.94,CF,2020-08-24 02:29:30
170,Tyup,42.73,78.36,68.74,39,25,1.41,KG,2020-08-24 02:29:30
171,Mao,39.89,4.27,75.2,60,0,17.22,ES,2020-08-24 02:29:31
172,Weligama,5.97,80.42,80.28,77,96,4.65,LK,2020-08-24 02:29:31
173,Jalu,29.03,21.55,75.16,50,0,10.0,LY,2020-08-24 02:29:31
174,Bereda,43.27,-7.54,57.99,100,34,1.01,ES,2020-08-24 02:29:31
175,Dunda,-8.12,34.25,57.02,86,49,2.86,TZ,2020-08-24 02:29:32
176,Taltal,-25.4,-70.48,50.81,76,8,1.01,CL,2020-08-24 02:29:32
177,Salinas,36.68,-121.66,66.2,72,1,10.29,US,2020-08-24 02:27:18
178,Kudahuvadhoo,2.67,72.89,82.8,67,81,3.4,MV,2020-08-24 02:29:33
179,Gambela,8.25,34.58,69.76,91,100,3.2,ET,2020-08-24 02:29:33
180,Hofn,64.25,-15.21,48.74,83,100,7.7,IS,2020-08-24 02:29:34
181,Suez,29.97,32.53,74.21,71,0,10.31,EG,2020-08-24 02:29:34
182,Zabol,32.25,67.25,69.06,61,0,6.35,AF,2020-08-24 02:29:34
183,Vavuniya,8.75,80.5,79.83,76,58,8.14,LK,2020-08-24 02:29:35
184,Sehithwa,-20.47,22.72,58.96,51,0,5.68,BW,2020-08-24 02:29:35
185,Longonjo,-12.91,15.25,57.02,68,1,0.72,AO,2020-08-24 02:29:35
186,Chokwe,-24.53,32.98,60.91,61,0,7.14,MZ,2020-08-24 02:29:35
187,Tasiilaq,65.61,-37.64,37.4,93,7,1.12,GL,2020-08-24 02:29:35
188,Pucallpa,-8.38,-74.55,71.11,68,4,0.45,PE,2020-08-24 02:29:36
189,Vucje,42.87,21.91,69.8,77,0,3.36,RS,2020-08-24 02:29:36
190,Riyadh,24.69,46.72,82.4,26,0,2.24,SA,2020-08-24 02:28:05
191,Husavik,66.04,-17.34,37.4,93,100,2.24,IS,2020-08-24 02:29:36
192,Chichli,22.83,78.82,76.95,84,94,6.53,IN,2020-08-24 02:29:37
193,Alice Town,25.72,-79.3,85.53,77,1,24.74,BS,2020-08-24 02:29:37
194,Kjopsvik,68.1,16.37,51.01,87,42,20.8,NO,2020-08-24 02:29:37
195,General Roca,-39.03,-67.58,55.4,47,40,3.36,AR,2020-08-24 02:29:37
196,Kinango,-4.14,39.32,66.74,96,2,4.32,KE,2020-08-24 02:29:38
197,Viedma,-40.81,-63.0,55.99,48,0,4.0,AR,2020-08-24 02:29:38
198,Tukrah,32.53,20.58,76.37,82,0,8.1,LY,2020-08-24 02:29:38
199,Lake City,30.19,-82.64,78.01,88,1,5.82,US,2020-08-24 02:26:29
200,Ilulissat,69.22,-51.1,39.2,80,0,3.62,GL,2020-08-24 02:27:47
201,Codrington,-38.27,141.97,50.99,64,47,11.36,AU,2020-08-24 02:29:39
202,Imbituba,-28.24,-48.67,59.0,100,40,1.12,BR,2020-08-24 02:27:02
203,Cayenne,4.93,-52.33,75.2,100,18,1.12,GF,2020-08-24 02:29:39
204,Ascension,30.22,-90.9,78.8,78,1,6.31,US,2020-08-24 02:29:39
205,Najran,17.49,44.13,82.4,24,100,2.24,SA,2020-08-24 02:29:40
206,Longyearbyen,78.22,15.64,35.6,74,34,5.82,SJ,2020-08-24 02:28:05
207,Sainte-Suzanne,-20.91,55.61,69.8,52,1,16.11,RE,2020-08-24 02:29:40
208,Montepuez,-13.13,39.0,65.5,79,93,5.55,MZ,2020-08-24 02:29:40
209,Dolores,-36.31,-57.68,52.97,85,1,11.3,AR,2020-08-24 02:29:41
210,Cururupu,-1.83,-44.87,74.62,94,70,3.09,BR,2020-08-24 02:29:41
211,Shihezi,44.3,86.03,80.04,21,55,2.91,CN,2020-08-24 02:29:42
212,Follonica,42.93,10.76,75.0,58,39,6.11,IT,2020-08-24 02:29:42
213,Chrastava,50.82,14.97,55.0,10,0,1.01,CZ,2020-08-24 02:29:43
214,Kotlyarevskaya,43.57,44.06,55.4,66,0,4.47,RU,2020-08-24 02:29:43
215,Strezhevoy,60.73,77.59,53.6,93,75,4.47,RU,2020-08-24 02:29:43
216,Oriximina,-1.77,-55.87,80.38,59,15,4.07,BR,2020-08-24 02:28:34
217,Nanortalik,60.14,-45.24,42.73,86,29,6.96,GL,2020-08-24 02:29:44
218,Saint George,37.1,-113.58,96.8,25,1,21.92,US,2020-08-24 02:29:44
219,Saint-Francois,46.42,3.91,57.2,82,97,2.33,FR,2020-08-24 02:29:44
220,Salinopolis,-0.61,-47.36,79.16,84,8,12.15,BR,2020-08-24 02:29:45
221,Kruisfontein,-34.0,24.73,54.0,88,100,5.82,ZA,2020-08-24 02:29:45
222,Akom,2.67,12.71,67.21,99,100,4.34,CM,2020-08-24 02:29:45
223,Khotkovo,56.26,38.0,62.6,63,100,6.71,RU,2020-08-24 02:29:46
224,Tarko-Sale,64.92,77.78,57.0,92,32,3.94,RU,2020-08-24 02:29:46
225,Corlu,41.16,27.8,68.0,94,5,9.17,TR,2020-08-24 02:29:46
226,Shache,38.42,77.24,81.45,16,0,6.2,CN,2020-08-24 02:29:46
227,Ballina,-28.87,153.57,66.2,34,0,6.93,AU,2020-08-24 02:29:46
228,Banda Aceh,5.56,95.32,83.1,75,79,8.63,ID,2020-08-24 02:29:47
229,Cidreira,-30.18,-50.21,60.91,83,0,15.35,BR,2020-08-24 02:29:47
230,Malangwa,26.86,85.56,85.89,64,0,0.43,NP,2020-08-24 02:29:47
231,Edd,13.93,41.69,92.05,55,99,1.23,ER,2020-08-24 02:29:47
232,Fasa,28.94,53.65,69.8,40,19,3.0,IR,2020-08-24 02:29:48
233,Beni Suef,29.07,31.1,74.12,57,0,5.93,EG,2020-08-24 02:29:48
234,Comodoro Rivadavia,-45.87,-67.5,44.6,75,40,1.12,AR,2020-08-24 02:29:48
235,Olinda,-8.01,-34.86,77.0,73,40,5.82,BR,2020-08-24 02:29:48
236,Rognan,67.1,15.39,48.0,96,43,5.77,NO,2020-08-24 02:29:49
237,Umm Lajj,25.02,37.27,81.88,56,0,7.45,SA,2020-08-24 02:29:49
238,Portsmouth,50.8,-1.09,62.01,82,100,1.01,GB,2020-08-24 02:26:35
239,Doha,25.29,51.53,91.0,89,40,3.36,QA,2020-08-24 02:29:49
240,Urengoy,65.97,78.37,55.13,94,100,1.16,RU,2020-08-24 02:29:50
241,Praia Da Vitoria,38.73,-27.07,71.6,94,20,7.63,PT,2020-08-24 02:29:50
242,Blacksburg,37.23,-80.41,69.8,100,40,4.45,US,2020-08-24 02:27:17
243,San Rafael Del Sur,11.85,-86.44,78.8,88,40,9.17,NI,2020-08-24 02:29:50
244,Trinidad,-14.83,-64.9,68.79,56,0,3.18,BO,2020-08-24 02:25:33
245,Sinnamary,5.38,-52.95,79.56,85,31,10.4,GF,2020-08-24 02:29:51
246,Gurupi,-11.73,-49.07,79.21,42,1,4.7,BR,2020-08-24 02:29:52
247,Necochea,-38.55,-58.74,48.99,80,50,10.0,AR,2020-08-24 02:29:52
248,Teguldet,57.31,88.17,58.33,81,86,3.33,RU,2020-08-24 02:29:26
249,Chimbote,-9.09,-78.58,60.44,85,0,8.84,PE,2020-08-24 02:29:53
250,Wajid,3.81,43.25,71.01,73,22,21.25,SO,2020-08-24 02:29:53
251,Woodstock,43.13,-80.75,72.0,83,5,3.36,CA,2020-08-24 02:29:53
252,Kirov,58.6,49.66,55.53,96,97,4.74,RU,2020-08-24 02:29:53
253,Pytalovo,57.07,27.91,54.97,96,100,7.31,RU,2020-08-24 02:29:53
254,Agadez,19.75,10.25,86.56,43,81,10.18,NE,2020-08-24 02:29:54
255,Fatehpur Sikri,27.1,77.67,80.1,84,34,10.63,IN,2020-08-24 02:29:54
256,Knysna,-34.04,23.05,55.4,100,100,5.82,ZA,2020-08-24 02:29:54
257,Leh,34.17,77.58,65.16,23,0,2.84,IN,2020-08-24 02:29:54
258,Onega,63.91,38.14,55.69,95,6,6.51,RU,2020-08-24 02:29:55
259,Normandin,48.83,-72.53,62.6,77,40,4.7,CA,2020-08-24 02:29:55
260,Berlevag,70.86,29.09,53.98,90,99,8.81,NO,2020-08-24 02:29:55
261,Grindavik,63.84,-22.43,46.4,93,0,4.7,IS,2020-08-24 02:29:05
262,Borovskoy,53.8,64.15,51.01,92,0,5.84,KZ,2020-08-24 02:29:55
263,Loandjili,-4.76,11.86,75.2,88,90,2.24,CG,2020-08-24 02:29:56
264,Bonthe,7.53,-12.51,76.15,90,100,8.63,SL,2020-08-24 02:29:56
265,Svetlyy,54.67,20.13,57.2,93,0,4.47,RU,2020-08-24 02:29:56
266,Ancud,-41.87,-73.82,41.0,100,90,13.87,CL,2020-08-24 02:29:56
267,Souillac,-20.52,57.52,71.6,73,40,16.11,MU,2020-08-24 02:29:57
268,Mankapur,27.03,82.23,82.56,73,8,2.51,IN,2020-08-24 02:29:57
269,Chipata,-13.63,32.65,57.33,81,95,6.2,ZM,2020-08-24 02:29:57
270,Malakal,9.53,31.66,71.46,92,100,1.68,SS,2020-08-24 02:29:57
271,Tharad,24.4,71.63,80.6,89,100,9.89,IN,2020-08-24 02:29:58
272,Dharchula,29.85,80.53,72.25,73,52,2.06,IN,2020-08-24 02:29:58
273,Palmas Bellas,9.23,-80.09,80.6,83,100,2.24,PA,2020-08-24 02:29:58
274,Samana,19.21,-69.34,79.75,90,100,8.03,DO,2020-08-24 02:29:59
275,San Rafael,-34.62,-68.33,53.46,36,0,1.23,AR,2020-08-24 02:29:59
276,Calabozo,8.92,-67.43,74.97,90,94,2.77,VE,2020-08-24 02:29:59
277,Merrill,45.18,-89.68,75.2,94,1,4.7,US,2020-08-24 02:30:00
278,Lakefield,43.68,-95.17,82.0,83,1,6.96,US,2020-08-24 02:30:00
279,Sulur,11.03,77.13,77.0,88,75,5.82,IN,2020-08-24 02:30:00
280,Pafos,34.77,32.42,69.8,60,0,5.82,CY,2020-08-24 02:30:01
281,Grajau,-5.82,-46.14,72.99,74,25,0.96,BR,2020-08-24 02:30:01
282,Vargem Grande,-3.54,-43.92,73.08,94,20,3.58,BR,2020-08-24 02:30:01
283,Yar-Sale,66.83,70.83,53.87,86,86,13.56,RU,2020-08-24 02:30:02
284,Brumadinho,-20.14,-44.2,59.0,76,40,4.7,BR,2020-08-24 02:30:02
285,Gravdal,68.12,13.5,52.29,79,38,17.07,NO,2020-08-24 02:30:02
286,Cap Malheureux,-19.98,57.61,71.01,73,41,5.99,MU,2020-08-24 02:30:03
287,Marmande,44.5,0.17,61.0,88,19,4.74,FR,2020-08-24 02:30:03
288,Prieska,-29.66,22.75,54.23,47,30,5.97,ZA,2020-08-24 02:30:03
289,Camacha,33.08,-16.33,71.6,83,40,11.41,PT,2020-08-24 02:30:04
290,Muros,42.78,-9.06,62.01,85,1,9.93,ES,2020-08-24 02:30:04
291,Kuytun,54.34,101.5,66.45,56,0,2.55,RU,2020-08-24 02:30:04
292,Nguru,12.88,10.45,75.13,83,91,12.39,NG,2020-08-24 02:30:05
293,Gandorhun,7.5,-11.83,73.11,98,100,4.85,SL,2020-08-24 02:30:05
294,Florianopolis,-27.61,-48.5,62.01,100,40,1.12,BR,2020-08-24 02:30:05
295,Togur,58.36,82.83,56.89,84,100,2.62,RU,2020-08-24 02:30:05
296,Abu Dhabi,24.47,54.37,91.4,66,29,2.24,AE,2020-08-24 02:27:58
297,Matara,5.95,80.54,82.81,71,95,6.11,LK,2020-08-24 02:30:06
298,Dennery,13.9,-60.89,82.4,83,75,14.99,LC,2020-08-24 02:30:06
299,Sukhobezvodnoye,57.05,44.89,56.59,83,100,5.86,RU,2020-08-24 02:30:06
300,Kargasok,59.06,80.86,57.02,76,99,5.97,RU,2020-08-24 02:30:06
301,Ayorou,14.73,0.92,84.78,60,100,17.6,NE,2020-08-24 02:30:06
302,Itarema,-2.92,-39.92,76.96,80,38,16.08,BR,2020-08-24 02:30:07
303,El Sauce,12.89,-86.54,75.16,91,98,1.74,NI,2020-08-24 02:30:07
304,Farah,32.5,62.5,89.17,12,0,2.44,AF,2020-08-24 02:30:07
305,Nouakchott,18.09,-15.98,82.4,74,75,13.87,MR,2020-08-24 02:30:08
306,Orleans,30.03,-89.95,82.0,85,53,1.01,US,2020-08-24 02:30:08
307,Saint-Joseph,-21.37,55.62,66.2,59,30,5.82,RE,2020-08-24 02:30:08
308,Borgarnes,64.54,-21.92,46.0,87,18,3.36,IS,2020-08-24 02:30:08
309,San Gabriel,34.1,-118.11,86.0,51,1,8.05,US,2020-08-24 02:27:31
310,Mitu,1.2,-70.17,73.13,77,29,0.96,CO,2020-08-24 02:28:24
311,Nouadhibou,20.93,-17.03,75.2,78,31,9.17,MR,2020-08-24 02:30:09
312,Sur,22.57,59.53,78.96,79,70,11.48,OM,2020-08-24 02:30:09
313,Okoneshnikovo,54.84,75.08,57.81,83,100,6.78,RU,2020-08-24 02:30:09
314,Kulhudhuffushi,6.62,73.07,83.37,69,66,7.47,MV,2020-08-24 02:30:10
315,Jumla,29.27,82.18,69.75,60,84,2.44,NP,2020-08-24 02:30:10
316,Tabuk,17.42,121.44,87.57,62,87,4.45,PH,2020-08-24 02:30:10
317,Mikhaylovka,50.06,43.24,57.6,62,0,0.25,RU,2020-08-24 02:30:10
318,Stornoway,58.21,-6.39,46.0,93,56,2.24,GB,2020-08-24 02:30:11
319,Marawi,8.0,124.29,84.0,78,77,5.99,PH,2020-08-24 02:30:11
320,Vestmanna,62.16,-7.17,44.6,93,92,7.47,FO,2020-08-24 02:30:11
321,Torbay,47.67,-52.73,61.0,82,5,16.11,CA,2020-08-24 02:30:11
322,Denia,38.84,0.11,79.0,79,0,3.31,ES,2020-08-24 02:30:12
323,Saint-Augustin,51.23,-58.65,55.26,79,59,8.57,CA,2020-08-24 02:30:12
324,Kisangani,0.52,25.2,69.82,94,100,1.03,CD,2020-08-24 02:30:12
325,Sokoni,-6.43,39.55,73.4,88,20,10.94,TZ,2020-08-24 02:30:12
326,Bestobe,52.5,73.1,60.33,72,0,7.45,KZ,2020-08-24 02:30:12
327,San Antonio,29.42,-98.49,88.0,48,1,4.7,US,2020-08-24 02:29:02
328,Quarai,-30.39,-56.45,54.28,88,0,11.92,BR,2020-08-24 02:30:13
329,Ambanja,-13.68,48.45,66.9,72,69,3.85,MG,2020-08-24 02:30:14
330,Sorland,67.67,12.69,52.92,79,33,22.12,NO,2020-08-24 02:30:14
331,Dudinka,69.41,86.18,60.8,77,100,17.9,RU,2020-08-24 02:30:14
332,Oktyabrskoye,43.06,44.74,48.2,93,0,6.71,RU,2020-08-24 02:30:14
333,Athlone,53.43,-7.95,53.01,92,39,2.26,IE,2020-08-24 02:30:14
334,Rafraf,37.19,10.18,77.0,69,20,11.41,TN,2020-08-24 02:30:15
335,Shadegan,30.65,48.66,84.2,51,0,2.24,IR,2020-08-24 02:30:15
336,Uspenka,48.39,39.16,58.77,55,0,1.48,UA,2020-08-24 02:30:15
337,Talcahuano,-36.72,-73.12,51.8,87,90,8.05,CL,2020-08-24 02:30:15
338,Opuwo,-18.06,13.84,53.49,57,0,1.83,NA,2020-08-24 02:30:16
339,Thompson,55.74,-97.86,53.6,100,90,8.05,CA,2020-08-24 02:30:16
340,Mwense,-10.38,28.7,63.48,60,10,5.44,ZM,2020-08-24 02:30:16
341,Gilgit,35.92,74.31,84.78,26,0,3.42,PK,2020-08-24 02:30:16
342,Dhidhdhoo,6.88,73.1,83.5,69,71,7.38,MV,2020-08-24 02:30:16
343,Belmonte,-15.86,-38.88,66.2,88,75,8.05,BR,2020-08-24 02:30:17
344,Conselheiro Pena,-19.17,-41.47,59.18,83,39,0.81,BR,2020-08-24 02:30:17
345,Quelimane,-17.88,36.89,66.2,88,0,2.33,MZ,2020-08-24 02:30:17
346,Santa Cruz,-17.8,-63.17,64.4,68,0,9.17,BO,2020-08-24 02:29:58
347,Moose Factory,51.26,-80.61,48.2,87,75,4.7,CA,2020-08-24 02:30:18
348,Lesnica,44.65,19.31,68.0,94,75,1.12,RS,2020-08-24 02:30:18
349,Aflao,6.12,1.19,73.4,94,75,8.05,TG,2020-08-24 02:30:18
350,Juba,4.85,31.58,68.25,95,99,1.19,SS,2020-08-24 02:30:18
351,Sumbe,-11.21,13.84,69.1,88,72,1.16,AO,2020-08-24 02:30:18
352,Brae,60.4,-1.35,48.2,87,86,3.36,GB,2020-08-24 02:30:19
353,Kwale,5.71,6.44,72.37,96,100,2.95,NG,2020-08-24 02:30:19
354,Amparafaravola,-17.58,48.22,50.22,95,99,4.07,MG,2020-08-24 02:30:19
355,Manbij,36.53,37.95,68.0,42,0,1.12,SY,2020-08-24 02:30:19
356,Santa Lucia,27.91,-15.54,78.8,47,0,27.51,ES,2020-08-24 02:30:19
357,Santa Rosa,14.31,121.11,89.01,74,100,6.93,PH,2020-08-24 02:30:20
358,Stromness,58.97,-3.3,46.4,87,19,6.93,GB,2020-08-24 02:30:20
359,Pangnirtung,66.15,-65.71,45.43,79,100,1.99,CA,2020-08-24 02:30:20
360,Celles,50.71,3.46,60.01,79,99,5.01,BE,2020-08-24 02:30:20
361,Prien,30.18,-93.27,84.2,78,1,4.7,US,2020-08-24 02:30:21
362,Lyngseidet,69.58,20.22,50.72,81,100,7.9,NO,2020-08-24 02:30:21
363,Caravelas,-17.71,-39.25,69.71,79,100,11.05,BR,2020-08-24 02:29:53
364,Mochudi,-24.42,26.15,46.4,52,0,3.36,BW,2020-08-24 02:30:21
365,Harboore,56.62,8.18,54.0,81,98,17.31,DK,2020-08-24 02:30:21
366,Hauterive,46.09,3.45,57.2,82,75,3.02,FR,2020-08-24 02:30:22
367,Am Timan,11.03,20.28,71.49,93,100,2.08,TD,2020-08-24 02:30:22
368,Baoro,5.67,15.97,65.86,97,100,2.3,CF,2020-08-24 02:30:22
369,Mazurivka,49.27,24.21,64.4,100,75,4.47,UA,2020-08-24 02:30:22
370,Mindelo,16.89,-24.98,77.99,83,66,7.47,CV,2020-08-24 02:30:22
371,Batticaloa,7.71,81.69,83.88,64,73,5.19,LK,2020-08-24 02:30:23
372,Hadrut,39.52,47.03,58.35,70,96,1.66,AZ,2020-08-24 02:30:23
373,Jaciara,-15.97,-54.97,70.74,58,0,1.88,BR,2020-08-24 02:30:23
374,Makungu,-8.73,35.28,59.27,89,97,5.28,TZ,2020-08-24 02:30:23
375,Kundian,32.46,71.48,92.5,48,28,12.21,PK,2020-08-24 02:30:23
376,Bakel,14.9,-12.46,79.03,85,98,5.44,SN,2020-08-24 02:30:24
377,Rawson,-43.3,-65.1,53.06,44,100,1.81,AR,2020-08-24 02:30:24
378,Ayaviri,-14.89,-70.59,43.61,58,8,0.85,PE,2020-08-24 02:30:24
379,Lamu,-2.27,40.9,74.73,82,44,13.0,KE,2020-08-24 02:30:24
380,Merke,42.87,73.18,81.68,22,99,5.57,KZ,2020-08-24 02:30:24
381,Warmbad,-28.45,18.73,56.17,35,0,2.66,NA,2020-08-24 02:30:25
382,Veraval,20.9,70.37,82.51,83,100,21.32,IN,2020-08-24 02:30:25
383,Mogadishu,2.04,45.34,75.36,80,28,13.24,SO,2020-08-24 02:30:03
384,Grootfontein,-19.57,18.12,48.04,68,0,2.53,NA,2020-08-24 02:30:25
385,Carnarvon,-24.87,113.63,69.8,52,0,17.22,AU,2020-08-24 02:27:01
386,La Rioja,42.25,-2.5,59.0,82,0,6.93,ES,2020-08-24 02:30:26
387,Impfondo,1.64,18.07,71.65,91,100,1.95,CG,2020-08-24 02:30:26
388,Tandil,-37.32,-59.13,48.99,74,0,1.01,AR,2020-08-24 02:28:00
389,Sarankhola,22.31,89.79,83.73,83,74,4.97,BD,2020-08-24 02:30:26
390,Srednyaya Akhtuba,48.71,44.87,50.0,76,0,4.47,RU,2020-08-24 02:30:26
391,Sindou,10.67,-5.17,70.77,93,84,4.0,BF,2020-08-24 02:30:27
392,Bowling Green,36.99,-86.44,78.8,78,1,5.46,US,2020-08-24 02:30:27
393,Caraquet,47.79,-64.94,60.8,93,1,5.82,CA,2020-08-24 02:30:27
394,Charlestown,-32.95,151.67,64.99,40,0,4.76,AU,2020-08-24 02:30:27
395,Pueblo Bello,8.2,-76.53,74.7,92,100,3.11,CO,2020-08-24 02:30:27
396,Staroshcherbinovskaya,46.63,38.67,61.97,46,0,5.57,RU,2020-08-24 02:30:28
397,Cascais,38.7,-9.42,68.0,91,7,14.65,PT,2020-08-24 02:30:28
398,Krasnoselkup,65.7,82.47,61.38,64,26,8.12,RU,2020-08-24 02:30:28
399,Kavaratti,10.57,72.64,81.7,78,99,14.05,IN,2020-08-24 02:30:28
400,Plouzane,48.38,-4.62,60.8,93,90,4.7,FR,2020-08-24 02:30:28
401,Sirur,18.83,74.38,76.57,76,100,16.31,IN,2020-08-24 02:30:29
402,Oromocto,45.84,-66.48,71.6,64,90,4.7,CA,2020-08-24 02:27:39
403,Landazuri,6.22,-73.81,66.67,94,100,2.95,CO,2020-08-24 02:30:29
404,Kalabo,-14.97,22.68,55.83,44,34,5.59,ZM,2020-08-24 02:30:29
405,Mendoza,-32.89,-68.83,53.6,30,0,3.36,AR,2020-08-24 02:30:30
406,Mosquera,4.71,-74.23,53.6,87,40,4.7,CO,2020-08-24 02:30:30
407,Soyo,-6.13,12.37,72.61,91,67,5.91,AO,2020-08-24 02:30:30
408,Colares,38.8,-9.45,68.0,90,16,15.01,PT,2020-08-24 02:30:30
409,Camapua,-19.53,-54.04,70.99,46,0,10.74,BR,2020-08-24 02:30:30
410,Kaura Namoda,12.59,6.58,73.13,89,92,10.54,NG,2020-08-24 02:30:31
411,Harper,4.38,-7.72,75.9,81,100,7.11,LR,2020-08-24 02:30:31
412,Garowe,8.41,48.48,72.82,69,78,22.91,SO,2020-08-24 02:30:31
413,Dedza,-14.38,34.33,50.61,99,64,2.06,MW,2020-08-24 02:30:31
414,Awbari,26.59,12.78,73.45,31,0,5.3,LY,2020-08-24 02:30:31
415,Sayyan,15.17,44.32,64.74,59,95,2.64,YE,2020-08-24 02:30:32
416,Groningen,53.25,6.75,60.01,87,20,8.05,NL,2020-08-24 02:30:32
417,Inirida,3.87,-67.92,72.07,94,97,1.59,CO,2020-08-24 02:30:32
418,Chicla,-11.71,-76.27,47.66,62,87,2.39,PE,2020-08-24 02:30:32
419,Methoni,36.82,21.7,80.01,68,0,7.34,GR,2020-08-24 02:30:32
420,Akureyri,65.68,-18.09,37.4,93,100,2.24,IS,2020-08-24 02:30:33
421,Goderich,43.75,-81.72,80.01,70,0,1.01,CA,2020-08-24 02:30:33
422,Melo,-32.37,-54.18,50.07,91,0,9.4,UY,2020-08-24 02:30:33
423,Orito,0.68,-76.88,70.39,80,15,2.8,CO,2020-08-24 02:30:33
424,Rameshki,57.34,36.05,60.08,96,100,8.1,RU,2020-08-24 02:30:33
425,Nador,35.17,-2.93,77.0,88,20,3.87,MA,2020-08-24 02:27:06
426,Karakol,42.49,78.39,71.71,24,29,2.8,KG,2020-08-24 02:30:34
427,Conil,44.97,3.72,44.42,100,95,4.21,FR,2020-08-24 02:30:34
428,Cumra,37.57,32.77,60.8,51,0,2.24,TR,2020-08-24 02:30:34
429,Freeport,40.66,-73.58,77.0,88,20,6.93,US,2020-08-24 02:28:39
430,Rypin,53.07,19.41,59.0,75,0,1.01,PL,2020-08-24 02:30:35
431,Marienburg,54.04,19.03,59.0,82,0,8.05,PL,2020-08-24 02:30:35
432,Camana,-16.62,-72.71,59.47,77,99,2.84,PE,2020-08-24 02:29:07
433,Kem,64.96,34.58,53.38,91,0,9.55,RU,2020-08-24 02:30:35
434,Biltine,14.53,20.92,75.74,83,96,5.95,TD,2020-08-24 02:30:35
435,Astaneh-Ye Ashrafiyeh,37.26,49.94,62.6,100,90,9.17,IR,2020-08-24 02:30:36
436,Haputale,6.77,80.96,80.6,94,20,5.82,LK,2020-08-24 02:30:36
437,Tessalit,20.2,1.01,86.7,45,100,12.53,ML,2020-08-24 02:30:36
438,Faya,18.39,42.45,71.6,56,54,2.59,SA,2020-08-24 02:30:36
439,Trincomalee,8.57,81.23,84.18,66,81,14.34,LK,2020-08-24 02:30:36
440,Ouadda,8.08,22.4,65.17,95,90,2.24,CF,2020-08-24 02:30:36
441,Ruangwa,-10.07,38.93,66.16,85,84,1.88,TZ,2020-08-24 02:30:37
442,Manicore,-5.81,-61.3,76.37,52,0,1.95,BR,2020-08-24 02:30:37
443,Axim,4.87,-2.24,73.11,89,25,8.86,GH,2020-08-24 02:30:37
444,Sao Gabriel Da Cachoeira,-0.13,-67.09,77.02,69,90,1.57,BR,2020-08-24 02:30:37
445,Hopkinsville,36.87,-87.49,77.0,88,1,4.38,US,2020-08-24 02:30:37
446,Richards Bay,-28.78,32.04,59.74,81,0,2.91,ZA,2020-08-24 02:30:38
447,Villa Carlos Paz,-31.42,-64.5,60.01,37,0,8.05,AR,2020-08-24 02:30:38
448,Ipixuna,-1.76,-48.8,77.0,94,45,6.93,BR,2020-08-24 02:30:38
449,Pemba,-12.97,40.52,71.6,78,40,5.82,MZ,2020-08-24 02:30:38
450,Bengkulu,-3.8,102.27,85.51,61,45,5.99,ID,2020-08-24 02:30:39
451,Kolokani,13.57,-8.03,73.18,88,80,6.38,ML,2020-08-24 02:30:39
452,Roald,62.58,6.13,50.0,71,82,14.99,NO,2020-08-24 02:30:39
453,Kattivakkam,13.22,80.32,80.6,78,75,4.7,IN,2020-08-24 02:30:39
454,Mwinilunga,-11.74,24.43,52.79,62,54,3.96,ZM,2020-08-24 02:30:39
455,Shieli,44.17,66.75,86.65,19,0,13.58,KZ,2020-08-24 02:30:40
456,Gorssel,52.2,6.2,62.01,88,100,5.99,NL,2020-08-24 02:30:40
457,Asosa,10.07,34.53,60.71,96,100,1.68,ET,2020-08-24 02:30:40
458,Panama City,8.99,-79.52,80.6,83,99,2.24,PA,2020-08-24 02:28:02
459,Henties Bay,-22.12,14.28,54.0,93,0,5.01,NA,2020-08-24 02:30:41
460,Novyy Urengoy,66.08,76.63,54.48,90,100,13.44,RU,2020-08-24 02:30:41
461,Otavalo,0.23,-78.27,55.4,87,40,3.36,EC,2020-08-24 02:30:41
462,Gogrial,8.53,28.1,71.31,92,100,2.98,SS,2020-08-24 02:30:41
463,Gorgan,36.84,54.43,68.0,94,90,6.93,IR,2020-08-24 02:30:42
464,Salta,-24.79,-65.41,48.2,49,0,2.24,AR,2020-08-24 02:30:42
465,Pervomayskiy,53.25,40.29,57.92,75,80,5.86,RU,2020-08-24 02:30:42
466,Kareli,22.92,79.07,79.66,78,78,10.22,IN,2020-08-24 02:30:42
467,Soyaux,45.65,0.2,57.2,93,0,3.56,FR,2020-08-24 02:30:42
468,Winsum,53.33,6.52,60.01,87,20,8.05,NL,2020-08-24 02:30:43
469,Porto Novo,6.5,2.6,72.79,89,100,5.57,BJ,2020-08-24 02:30:43
470,Masyaf,35.07,36.34,71.6,53,0,4.7,SY,2020-08-24 02:30:43
471,Bhabua,25.05,83.62,87.08,66,7,8.21,IN,2020-08-24 02:30:43
472,Provins,48.58,3.17,55.4,76,43,3.36,FR,2020-08-24 02:30:43
473,Barsi,18.23,75.7,76.62,79,97,12.91,IN,2020-08-24 02:30:44
474,Hasilpur,29.71,72.56,91.38,56,0,10.8,PK,2020-08-24 02:30:44
475,Sidi Ali,36.1,0.42,68.74,94,0,1.59,DZ,2020-08-24 02:30:44
476,Tubuala,9.52,-79.03,78.8,94,40,4.7,PA,2020-08-24 02:30:44
477,Muisne,0.6,-80.03,72.99,85,100,9.64,EC,2020-08-24 02:30:44
478,Campo Verde,-20.42,-54.07,68.0,52,0,11.41,BR,2020-08-24 02:30:45
479,Itaqui,-29.13,-56.55,55.69,88,0,11.07,BR,2020-08-24 02:28:14
480,Shubarkuduk,49.14,56.49,62.2,57,17,10.83,KZ,2020-08-24 02:30:45
481,Kolyvan,55.31,82.74,57.2,93,3,4.47,RU,2020-08-24 02:30:45
482,Thunder Bay,48.4,-89.32,66.2,93,75,6.93,CA,2020-08-24 02:30:46
483,Barra,-11.09,-43.14,77.16,60,55,9.24,BR,2020-08-24 02:28:02
484,Aksu,41.12,80.26,84.99,23,0,3.56,CN,2020-08-24 02:30:46
485,Wad Rawah,15.16,33.14,82.13,63,100,18.86,SD,2020-08-24 02:30:46
486,Doka,13.52,35.77,67.44,99,100,7.07,SD,2020-08-24 02:30:46
487,Volsk,52.03,47.38,54.84,78,0,4.34,RU,2020-08-24 02:29:31
488,Kikwit,-5.04,18.82,74.39,77,100,1.9,CD,2020-08-24 02:30:47
489,Mitsamiouli,-11.38,43.28,75.4,69,100,5.66,KM,2020-08-24 02:30:47
490,Bhit Shah,25.8,68.49,89.24,66,92,12.64,PK,2020-08-24 02:30:47
491,Peniche,39.36,-9.38,66.99,92,69,3.0,PT,2020-08-24 02:30:47
492,Sharanga,57.18,46.54,56.59,82,89,5.97,RU,2020-08-24 02:30:48
493,Kangasala,61.46,24.08,59.0,93,20,5.82,FI,2020-08-24 02:30:48
494,Xai-Xai,-25.05,33.64,60.67,79,0,10.6,MZ,2020-08-24 02:30:48
495,Novosokolniki,56.35,30.16,58.05,95,100,5.7,RU,2020-08-24 02:30:48
496,Manadhoo,5.77,73.38,83.79,67,53,6.29,MV,2020-08-24 02:30:48
497,Les Escoumins,48.11,-69.02,55.2,91,77,4.38,CA,2020-08-24 02:30:49
498,Awassa,7.05,38.47,60.04,83,98,3.49,ET,2020-08-24 02:30:49
499,Puerto Ayacucho,5.66,-67.62,73.29,91,96,3.33,VE,2020-08-24 02:30:49
500,Vila Do Maio,15.13,-23.22,80.6,83,40,5.82,CV,2020-08-24 02:30:49
501,Olafsvik,64.89,-23.71,49.41,74,10,3.27,IS,2020-08-24 02:30:49
502,Maarianhamina,60.1,19.93,60.8,82,20,5.82,AX,2020-08-24 02:30:50
503,Pittsfield,42.45,-73.25,69.8,88,1,8.05,US,2020-08-24 02:30:50
504,Chicama,-7.84,-79.15,59.88,84,10,5.1,PE,2020-08-24 02:30:50
505,Moshenskoye,58.51,34.59,58.69,99,100,3.42,RU,2020-08-24 02:30:50
506,Puquio,-14.7,-74.13,49.8,55,85,2.53,PE,2020-08-24 02:30:50
507,Bladel,51.37,5.22,61.0,82,90,10.29,NL,2020-08-24 02:30:50
508,Tabou,4.42,-7.35,75.69,82,100,6.98,CI,2020-08-24 02:30:51
509,Afua,-0.16,-50.39,76.78,91,84,7.05,BR,2020-08-24 02:30:51
510,Bonavista,48.65,-53.11,61.0,80,82,10.0,CA,2020-08-24 02:30:51
511,Manaus,-3.1,-60.02,78.8,69,0,6.93,BR,2020-08-24 02:30:51
512,Celldomolk,47.26,17.15,66.2,77,44,2.24,HU,2020-08-24 02:30:51
513,San Carlos De Bariloche,-41.15,-71.31,41.0,75,90,3.36,AR,2020-08-24 02:26:35
514,Inhambane,-23.86,35.38,63.28,79,0,7.76,MZ,2020-08-24 02:30:52
515,Fort-Shevchenko,44.51,50.26,72.41,55,96,11.23,KZ,2020-08-24 02:30:52
516,Tank,32.22,70.38,89.1,53,55,9.26,PK,2020-08-24 02:30:52
517,Grand Baie,-20.02,57.58,71.01,73,38,5.99,MU,2020-08-24 02:30:52
518,Gayeri,12.65,0.49,75.18,86,100,10.29,BF,2020-08-24 02:30:53
519,Marathon,44.9,-89.77,75.2,83,1,4.52,US,2020-08-24 02:30:53
520,Atar,20.52,-13.05,87.3,53,27,11.43,MR,2020-08-24 02:30:53
521,Qaqortoq,60.72,-46.03,44.6,75,20,4.7,GL,2020-08-24 02:29:04
522,Beyneu,45.32,55.2,66.47,50,100,8.05,KZ,2020-08-24 02:30:53
523,Pyskowice,50.4,18.63,60.01,86,11,4.0,PL,2020-08-24 02:30:54
524,Krivosheino,57.34,83.93,58.64,85,76,3.09,RU,2020-08-24 02:30:54
525,Humaita,-7.51,-63.02,74.12,50,0,2.1,BR,2020-08-24 02:30:54
526,Balaguer,41.79,0.81,66.0,77,35,8.05,ES,2020-08-24 02:30:54
527,Zheleznogorsk,52.33,35.37,55.35,75,0,8.23,RU,2020-08-24 02:30:54
528,Vilcun,-38.65,-72.23,51.8,76,90,5.82,CL,2020-08-24 02:30:55
529,Samus,56.75,84.7,57.0,92,28,4.54,RU,2020-08-24 02:30:55
530,Bara,10.37,10.73,70.84,92,100,5.21,NG,2020-08-24 02:30:55
531,Makaryev,57.88,43.81,59.77,78,98,6.26,RU,2020-08-24 02:30:55
532,Port-Gentil,-0.72,8.78,74.79,79,100,12.15,GA,2020-08-24 02:30:56
533,Bubaque,11.28,-15.83,80.67,80,100,8.95,GW,2020-08-24 02:30:56
534,Meulaboh,4.14,96.13,84.49,70,12,5.19,ID,2020-08-24 02:30:56
535,Ciucea,46.95,22.82,64.4,93,34,2.77,RO,2020-08-24 02:30:56
536,Talca,-35.43,-71.67,51.8,62,100,5.82,CL,2020-08-24 02:30:35
537,Yauya,-8.98,-77.3,51.37,68,34,4.74,PE,2020-08-24 02:30:57
538,Kajaani,64.23,27.73,55.4,93,20,5.82,FI,2020-08-24 02:30:06
539,Waounde,15.26,-12.87,79.72,79,97,10.67,SN,2020-08-24 02:30:57
540,Waterloo,43.47,-80.52,75.0,83,1,2.24,CA,2020-08-24 02:26:48
541,Chandil,22.97,86.05,80.6,94,75,7.14,IN,2020-08-24 02:30:58
542,Duartina,-22.41,-49.4,59.0,87,0,12.75,BR,2020-08-24 02:30:58
543,Gat,31.61,34.76,77.0,30,0,2.46,IL,2020-08-24 02:30:58
544,Paramonga,-10.67,-77.83,59.47,86,35,7.07,PE,2020-08-24 02:30:58
545,Kirando,-7.42,30.6,72.79,58,84,5.73,TZ,2020-08-24 02:30:58
546,Berbera,10.44,45.01,88.86,45,0,21.23,SO,2020-08-24 02:30:59
547,Sao Jose Da Coroa Grande,-8.9,-35.15,72.84,79,100,4.16,BR,2020-08-24 02:30:59
548,Vertientes,21.26,-78.15,80.6,83,75,17.22,CU,2020-08-24 02:30:59
549,Manyana,-23.4,21.72,53.82,52,0,7.99,BW,2020-08-24 02:30:59
550,General Pico,-35.66,-63.76,52.99,50,0,12.44,AR,2020-08-24 02:28:04
551,Tucurui,-3.77,-49.67,71.85,93,34,3.51,BR,2020-08-24 02:31:00
552,Nisia Floresta,-6.09,-35.21,73.4,88,20,6.93,BR,2020-08-24 02:31:00
553,Saint-Pierre,-21.34,55.48,66.2,59,24,5.82,RE,2020-08-24 02:31:00
554,Tres Lagoas,-20.75,-51.68,64.09,55,0,8.21,BR,2020-08-24 02:31:00
555,Araouane,18.9,-3.53,92.68,35,0,14.14,ML,2020-08-24 02:31:01
556,Tabriz,38.08,46.29,55.4,87,20,4.7,IR,2020-08-24 02:31:01
557,Le Port,-20.94,55.29,69.8,52,21,16.11,RE,2020-08-24 02:31:01
558,Bayan,46.08,127.4,68.0,98,100,7.29,CN,2020-08-24 02:31:01
559,Mangan,27.52,88.53,83.7,47,0,3.87,IN,2020-08-24 02:31:02
560,Oranjemund,-28.55,16.43,51.87,94,1,6.44,NA,2020-08-24 02:31:02
561,Talara,-4.58,-81.27,61.3,85,0,13.56,PE,2020-08-24 02:31:02
562,Alta Floresta,-9.88,-56.09,74.93,39,19,1.32,BR,2020-08-24 02:31:02
563,Gelibolu,40.41,26.67,71.6,73,4,10.29,TR,2020-08-24 02:31:02
564,Misratah,32.38,15.09,80.91,75,90,12.88,LY,2020-08-24 02:31:03
565,Montgomery,39.15,-77.2,73.4,83,1,4.52,US,2020-08-24 02:31:03
566,Iralaya,15.0,-83.23,81.07,82,10,7.63,HN,2020-08-24 02:31:03
567,Nsanje,-16.92,35.26,62.42,84,53,1.86,MW,2020-08-24 02:31:03
568,Storforshei,66.4,14.52,44.46,76,90,3.44,NO,2020-08-24 02:31:04
569,Mecca,21.43,39.83,88.61,25,11,4.83,SA,2020-08-24 02:28:57
570,Krasnogorskiy,54.6,61.23,53.98,87,8,8.16,RU,2020-08-24 02:31:04
571,Kapustin Yar,48.58,45.74,60.3,54,0,6.04,RU,2020-08-24 02:31:04
572,Blagoyevo,63.37,47.92,57.99,93,100,6.2,RU,2020-08-24 02:31:04
573,Zhelyabovka,45.4,34.76,62.55,68,0,1.95,UA,2020-08-24 02:29:17
574,Tapes,-30.67,-51.4,57.74,86,0,13.49,BR,2020-08-24 02:31:05
575,Geraldton,-28.77,114.6,60.8,72,0,9.17,AU,2020-08-24 02:30:37
576,Talas,38.69,35.55,55.4,71,0,3.36,TR,2020-08-24 02:31:05
577,Ouahigouya,13.58,-2.42,77.9,75,100,11.61,BF,2020-08-24 02:31:05
578,Nikolayevka,53.13,47.2,55.09,80,2,4.05,RU,2020-08-24 02:31:06
579,Keetmanshoop,-26.58,18.13,51.19,41,0,3.44,NA,2020-08-24 02:31:06
580,Iranshahr,27.2,60.68,89.6,49,94,4.29,IR,2020-08-24 02:31:06
581,Benghazi,32.12,20.07,78.22,79,0,10.85,LY,2020-08-24 02:31:06
582,Kashi,39.45,75.98,82.4,30,0,1.7,CN,2020-08-24 02:31:07
583,Kaspiyskiy,45.39,47.37,65.86,50,60,11.12,RU,2020-08-24 02:31:07
584,Kurchum,48.57,83.65,72.66,34,99,3.98,KZ,2020-08-24 02:31:07
585,Mollendo,-17.02,-72.01,58.59,80,99,3.8,PE,2020-08-24 02:31:07
586,Tarpon Springs,28.15,-82.76,82.99,94,40,4.7,US,2020-08-24 02:31:08
587,Panaba,21.28,-88.27,78.4,94,97,4.36,MX,2020-08-24 02:31:08
588,Saint-Doulchard,47.1,2.35,57.2,82,70,4.88,FR,2020-08-24 02:31:08
589,Yarkovo,57.4,67.08,53.01,89,10,8.39,RU,2020-08-24 02:31:08
590,Severodvinsk,64.56,39.83,59.0,100,75,4.47,RU,2020-08-24 02:31:08
591,San Juan,-31.54,-68.54,53.51,35,0,3.62,AR,2020-08-24 02:30:36
592,Oil City,41.43,-79.71,68.0,100,1,2.93,US,2020-08-24 02:31:09
593,Les Cayes,18.2,-73.75,80.98,83,100,13.42,HT,2020-08-24 02:31:09
594,Chandia,23.65,80.7,79.74,79,51,10.22,IN,2020-08-24 02:31:09
595,Zhanakorgan,43.91,67.25,88.16,17,23,17.67,KZ,2020-08-24 02:31:09
596,Jinotega,13.09,-86.0,65.8,100,74,2.3,NI,2020-08-24 02:31:10
597,Mahon,39.89,4.27,75.2,60,0,17.22,ES,2020-08-24 02:29:31
598,Konza,-1.74,37.13,60.8,93,75,5.82,KE,2020-08-24 02:31:10
599,Asfi,32.3,-9.24,70.45,77,39,15.79,MA,2020-08-24 02:31:10
600,Reconquista,-29.15,-59.65,60.39,64,0,9.84,AR,2020-08-24 02:27:10
601,Vallenar,-28.57,-70.76,49.5,80,23,4.14,CL,2020-08-24 02:31:11
602,Harnosand,62.63,17.94,52.0,93,100,9.17,SE,2020-08-24 02:31:11
603,Nyagan,62.14,65.39,54.63,85,100,8.63,RU,2020-08-24 02:31:11
604,Sorrento,40.63,14.37,77.0,78,20,3.36,IT,2020-08-24 02:31:12
605,Macas,-2.32,-78.12,66.22,81,78,0.4,EC,2020-08-24 02:31:12
606,Ibipeba,-11.64,-42.01,67.1,78,17,8.86,BR,2020-08-24 02:31:12
607,Mahibadhoo,3.78,72.97,83.39,63,29,1.68,MV,2020-08-24 02:31:12
608,Summerville,33.02,-80.18,78.8,94,40,4.34,US,2020-08-24 02:27:20
609,Ambatondrazaka,-17.83,48.42,51.35,92,93,3.38,MG,2020-08-24 02:31:13
610,Banda,25.48,80.33,82.76,75,14,12.53,IN,2020-08-24 02:31:13
611,Troitsko-Pechorsk,62.71,56.2,53.35,83,100,4.18,RU,2020-08-24 02:31:13
612,Santa Cruz Cabralia,-16.28,-39.02,66.2,88,75,8.05,BR,2020-08-24 02:31:13
613,Mayumba,-3.43,10.66,73.35,87,100,6.64,GA,2020-08-24 02:31:14
614,Santiago,-33.46,-70.65,52.0,66,75,5.82,CL,2020-08-24 02:27:25
615,Gberia Fotombu,9.88,-11.17,68.95,99,84,4.0,SL,2020-08-24 02:31:14
616,Chodavaram,17.83,82.95,84.2,89,75,9.17,IN,2020-08-24 02:31:14
617,Road Town,18.42,-64.62,82.99,87,0,15.99,VG,2020-08-24 02:31:15
618,Menton,43.78,7.5,75.2,73,35,6.93,FR,2020-08-24 02:31:15
619,Brugelette,50.6,3.85,57.99,87,97,1.99,BE,2020-08-24 02:31:15
620,Mabaruma,8.2,-59.78,75.45,89,99,2.46,GY,2020-08-24 02:31:15
621,Rabo De Peixe,37.8,-25.58,69.8,88,20,4.7,PT,2020-08-24 02:31:16
622,Medea,36.26,2.75,73.4,88,20,0.98,DZ,2020-08-24 02:31:16
623,Pinhao,-25.7,-51.66,46.33,92,0,7.87,BR,2020-08-24 02:31:16
624,Pokrovskoye,47.42,38.9,61.3,45,0,3.18,RU,2020-08-24 02:31:17
625,Pulsano,40.38,17.36,79.0,66,0,1.01,IT,2020-08-24 02:31:17
626,Khash,28.22,61.22,76.14,69,4,4.27,IR,2020-08-24 02:31:17
627,Sept-Iles,50.2,-66.38,55.99,100,40,3.36,CA,2020-08-24 02:30:09
628,Goundam,16.41,-3.67,87.26,49,35,13.58,ML,2020-08-24 02:31:17
629,Sokolka,53.41,23.5,62.01,86,39,5.7,PL,2020-08-24 02:31:18
630,Larsnes,62.2,5.58,48.0,80,96,8.99,NO,2020-08-24 02:31:18
631,Westport,41.14,-73.36,75.2,88,1,5.82,US,2020-08-24 02:30:35
632,Akhnur,32.87,74.73,82.4,88,40,4.45,IN,2020-08-24 02:31:18
633,Serik,36.92,31.1,75.2,53,0,4.7,TR,2020-08-24 02:31:18
634,Tazovskiy,67.47,78.7,52.21,98,100,9.17,RU,2020-08-24 02:31:19
635,Murzzuschlag,47.6,15.68,66.0,68,39,1.01,AT,2020-08-24 02:31:19
636,Plettenberg Bay,-34.05,23.37,57.9,84,100,5.06,ZA,2020-08-24 02:31:19
637,Aasiaat,68.71,-52.87,39.83,84,0,7.16,GL,2020-08-24 02:31:19
638,Garissa,-0.45,39.64,73.0,74,89,16.24,KE,2020-08-24 02:31:20
639,Polunochnoye,60.87,60.42,52.45,73,0,1.95,RU,2020-08-24 02:31:20
640,Aksarka,66.56,67.8,50.02,89,96,10.22,RU,2020-08-24 02:31:20
641,Ambovombe,-25.17,46.08,65.7,72,4,6.42,MG,2020-08-24 02:31:20
642,Asyut,27.18,31.18,77.0,50,0,11.41,EG,2020-08-24 02:31:21
643,Dorado,18.46,-66.27,82.4,88,40,10.29,PR,2020-08-24 02:31:21
644,Xuddur,4.12,43.89,69.03,76,31,18.14,SO,2020-08-24 02:31:22
645,Sinnar,13.57,33.57,75.02,85,100,9.53,SD,2020-08-24 02:31:22
646,Bosaso,11.28,49.18,88.65,44,62,17.16,SO,2020-08-24 02:31:22
647,Sal Rei,16.18,-22.92,78.8,78,75,14.99,CV,2020-08-24 02:31:22
648,Mana,5.66,-53.78,77.92,89,85,7.36,GF,2020-08-24 02:31:23
649,Astara,38.5,48.67,64.4,100,75,11.41,AZ,2020-08-24 02:31:23
650,Ostroda,53.7,19.96,59.0,100,0,2.24,PL,2020-08-24 02:31:24
651,Tortoli,39.93,9.66,77.0,1,5,18.34,IT,2020-08-24 02:31:24
652,Temirtau,50.05,72.95,53.6,76,93,2.24,KZ,2020-08-24 02:31:24
653,Virginia Beach,36.85,-75.98,81.0,78,75,6.93,US,2020-08-24 02:29:10
654,Mutoko,-17.4,32.23,48.45,96,6,2.28,ZW,2020-08-24 02:31:25
655,Bahia Blanca,-38.72,-62.27,55.26,55,0,12.77,AR,2020-08-24 02:29:42
656,Angoche,-16.23,39.91,67.93,83,96,5.48,MZ,2020-08-24 02:31:25
657,Ariquemes,-9.91,-63.04,71.55,53,0,1.9,BR,2020-08-24 02:31:25
658,Marondera,-18.19,31.55,45.9,94,14,4.76,ZW,2020-08-24 02:31:26
659,Buraydah,26.33,43.98,80.6,34,0,6.93,SA,2020-08-24 02:31:26
660,Sopelana,43.38,-2.98,64.0,93,20,4.7,ES,2020-08-24 02:31:26
661,Yanam,16.73,82.22,82.4,78,75,5.82,IN,2020-08-24 02:31:26
662,Batsfjord,70.63,29.72,55.0,88,100,4.0,NO,2020-08-24 02:31:27
663,Puerto Leguizamo,-0.19,-74.78,69.93,87,0,1.77,CO,2020-08-24 02:31:27
664,Sala,34.04,-6.82,68.0,93,0,3.02,MA,2020-08-24 02:31:27
665,Cubuk,40.24,33.03,60.8,67,0,10.29,TR,2020-08-24 02:31:28
666,Galbshtadt,53.23,78.98,63.0,66,26,5.28,RU,2020-08-24 02:31:28
667,Port Antonio,18.18,-76.46,80.01,94,75,21.92,JM,2020-08-24 02:31:28
668,Sambava,-14.27,50.17,68.11,80,41,10.74,MG,2020-08-24 02:31:28
669,Corrente,-3.74,-43.34,72.09,95,32,3.04,BR,2020-08-24 02:31:28
670,Farsund,58.09,6.8,54.0,74,98,15.7,NO,2020-08-24 02:31:29
671,Sergeyevka,53.88,67.42,56.19,85,0,6.11,KZ,2020-08-24 02:31:29
672,Tallahassee,30.44,-84.28,75.2,94,75,5.82,US,2020-08-24 02:29:45
673,Maniitsoq,65.42,-52.9,44.08,88,100,4.07,GL,2020-08-24 02:31:29
674,Killybegs,54.63,-8.45,48.99,95,6,1.01,IE,2020-08-24 02:31:29
675,Tiznit,29.58,-9.5,84.63,30,11,1.77,MA,2020-08-24 02:31:30
676,Znamenskoye,57.13,73.83,52.02,93,61,5.82,RU,2020-08-24 02:31:30
677,Korla,41.76,86.15,85.73,23,11,2.48,CN,2020-08-24 02:31:30
678,Villazon,-22.09,-65.59,39.52,57,0,0.65,BO,2020-08-24 02:31:31
679,Falmouth,50.15,-5.07,60.8,93,95,16.11,GB,2020-08-24 02:31:31
680,Roseto Degli Abruzzi,42.67,14.02,75.2,73,17,2.24,IT,2020-08-24 02:31:31
681,Kara-Tyube,44.63,45.44,68.85,41,91,4.12,RU,2020-08-24 02:31:32
682,Morondava,-20.28,44.28,71.08,87,5,8.32,MG,2020-08-24 02:31:32
683,Atbasar,51.8,68.33,57.78,75,26,6.2,KZ,2020-08-24 02:31:32
684,Betare Oya,5.6,14.08,65.5,97,100,2.53,CM,2020-08-24 02:31:32
685,Apiai,-24.51,-48.84,49.14,100,94,4.88,BR,2020-08-24 02:31:32
686,Schwyz,47.03,8.66,60.8,72,90,5.82,CH,2020-08-24 02:31:33
